{
    "nbDeDrapeaux": 237,
    "pays": [
        {
            "id": 1,
            "drapeau": "assets/images/drapeaux/bostwana.png",
            "pays": "Bostwana"
        },
        {
            "id": 2,
            "drapeau": "assets/images/drapeaux/samoa.png",
            "pays": "Samoa"
        },
        {
            "id": 3,
            "drapeau": "assets/images/drapeaux/armenie.png",
            "pays": "Armenie"
        },
        {
            "id": 4,
            "drapeau": "assets/images/drapeaux/kenya.png",
            "pays": "Kenya"
        },
        {
            "id": 5,
            "drapeau": "assets/images/drapeaux/afghanistan.png",
            "pays": "Afghanistan"
        },
        {
            "id": 6,
            "drapeau": "assets/images/drapeaux/guatemala.png",
            "pays": "Guatemala"
        },
        {
            "id": 7,
            "drapeau": "assets/images/drapeaux/jordanie.png",
            "pays": "Jordanie"
        },
        {
            "id": 8,
            "drapeau": "assets/images/drapeaux/hong_kong.png",
            "pays": "Hong Kong"
        },
        {
            "id": 9,
            "drapeau": "assets/images/drapeaux/ghana.png",
            "pays": "Ghana"
        },
        {
            "id": 10,
            "drapeau": "assets/images/drapeaux/tadjikistan.png",
            "pays": "Tadjikistan"
        },
        {
            "id": 11,
            "drapeau": "assets/images/drapeaux/moldavie.png",
            "pays": "Moldavie"
        },
        {
            "id": 12,
            "drapeau": "assets/images/drapeaux/trinidad_et_tobago.png",
            "pays": "Trinidad Et Tobago"
        },
        {
            "id": 13,
            "drapeau": "assets/images/drapeaux/algerie.png",
            "pays": "Algerie"
        },
        {
            "id": 14,
            "drapeau": "assets/images/drapeaux/kazakhstan.png",
            "pays": "Kazakhstan"
        },
        {
            "id": 15,
            "drapeau": "assets/images/drapeaux/chili.png",
            "pays": "Chili"
        },
        {
            "id": 16,
            "drapeau": "assets/images/drapeaux/venezuela.png",
            "pays": "Venezuela"
        },
        {
            "id": 17,
            "drapeau": "assets/images/drapeaux/lettonie.png",
            "pays": "Lettonie"
        },
        {
            "id": 18,
            "drapeau": "assets/images/drapeaux/antigua_et_barbuda.png",
            "pays": "Antigua Et Barbuda"
        },
        {
            "id": 19,
            "drapeau": "assets/images/drapeaux/liberia.png",
            "pays": "Liberia"
        },
        {
            "id": 20,
            "drapeau": "assets/images/drapeaux/espagne.png",
            "pays": "Espagne"
        },
        {
            "id": 21,
            "drapeau": "assets/images/drapeaux/perou.png",
            "pays": "Perou"
        },
        {
            "id": 22,
            "drapeau": "assets/images/drapeaux/iran.png",
            "pays": "Iran"
        },
        {
            "id": 23,
            "drapeau": "assets/images/drapeaux/danemark.png",
            "pays": "Danemark"
        },
        {
            "id": 24,
            "drapeau": "assets/images/drapeaux/estonie.png",
            "pays": "Estonie"
        },
        {
            "id": 25,
            "drapeau": "assets/images/drapeaux/grece.png",
            "pays": "Grece"
        },
        {
            "id": 26,
            "drapeau": "assets/images/drapeaux/birmanie.png",
            "pays": "Birmanie"
        },
        {
            "id": 27,
            "drapeau": "assets/images/drapeaux/saint_martin.png",
            "pays": "Saint Martin"
        },
        {
            "id": 28,
            "drapeau": "assets/images/drapeaux/polynesie_francaise.png",
            "pays": "Polynesie Francaise"
        },
        {
            "id": 29,
            "drapeau": "assets/images/drapeaux/guinee.png",
            "pays": "Guinee"
        },
        {
            "id": 30,
            "drapeau": "assets/images/drapeaux/papouasie_nouvelle_guinee.png",
            "pays": "Papouasie Nouvelle Guinee"
        },
        {
            "id": 31,
            "drapeau": "assets/images/drapeaux/guernesey.png",
            "pays": "Guernesey"
        },
        {
            "id": 32,
            "drapeau": "assets/images/drapeaux/finlande.png",
            "pays": "Finlande"
        },
        {
            "id": 33,
            "drapeau": "assets/images/drapeaux/djibouti.png",
            "pays": "Djibouti"
        },
        {
            "id": 34,
            "drapeau": "assets/images/drapeaux/angola.png",
            "pays": "Angola"
        },
        {
            "id": 35,
            "drapeau": "assets/images/drapeaux/lesotho.png",
            "pays": "Lesotho"
        },
        {
            "id": 36,
            "drapeau": "assets/images/drapeaux/inde.png",
            "pays": "Inde"
        },
        {
            "id": 37,
            "drapeau": "assets/images/drapeaux/tunisie.png",
            "pays": "Tunisie"
        },
        {
            "id": 38,
            "drapeau": "assets/images/drapeaux/groeland.png",
            "pays": "Groeland"
        },
        {
            "id": 39,
            "drapeau": "assets/images/drapeaux/chypre.png",
            "pays": "Chypre"
        },
        {
            "id": 40,
            "drapeau": "assets/images/drapeaux/ukraine.png",
            "pays": "Ukraine"
        },
        {
            "id": 41,
            "drapeau": "assets/images/drapeaux/bhoutan.png",
            "pays": "Bhoutan"
        },
        {
            "id": 42,
            "drapeau": "assets/images/drapeaux/quatar.png",
            "pays": "Quatar"
        },
        {
            "id": 43,
            "drapeau": "assets/images/drapeaux/turquie.png",
            "pays": "Turquie"
        },
        {
            "id": 44,
            "drapeau": "assets/images/drapeaux/allemagne.png",
            "pays": "Allemagne"
        },
        {
            "id": 45,
            "drapeau": "assets/images/drapeaux/zambie.png",
            "pays": "Zambie"
        },
        {
            "id": 47,
            "drapeau": "assets/images/drapeaux/iles_guam.png",
            "pays": "Iles Guam"
        },
        {
            "id": 48,
            "drapeau": "assets/images/drapeaux/tanzanie.png",
            "pays": "Tanzanie"
        },
        {
            "id": 49,
            "drapeau": "assets/images/drapeaux/malaisie.png",
            "pays": "Malaisie"
        },
        {
            "id": 50,
            "drapeau": "assets/images/drapeaux/hongrie.png",
            "pays": "Hongrie"
        },
        {
            "id": 51,
            "drapeau": "assets/images/drapeaux/porto_rico.png",
            "pays": "Porto Rico"
        },
        {
            "id": 52,
            "drapeau": "assets/images/drapeaux/namibie.png",
            "pays": "Namibie"
        },
        {
            "id": 53,
            "drapeau": "assets/images/drapeaux/guadeloupe.png",
            "pays": "Guadeloupe"
        },
        {
            "id": 54,
            "drapeau": "assets/images/drapeaux/japon.png",
            "pays": "Japon"
        },
        {
            "id": 55,
            "drapeau": "assets/images/drapeaux/laos.png",
            "pays": "Laos"
        },
        {
            "id": 56,
            "drapeau": "assets/images/drapeaux/cuba.png",
            "pays": "Cuba"
        },
        {
            "id": 57,
            "drapeau": "assets/images/drapeaux/colombie.png",
            "pays": "Colombie"
        },
        {
            "id": 58,
            "drapeau": "assets/images/drapeaux/comores.png",
            "pays": "Comores"
        },
        {
            "id": 59,
            "drapeau": "assets/images/drapeaux/chine.png",
            "pays": "Chine"
        },
        {
            "id": 60,
            "drapeau": "assets/images/drapeaux/argentine.png",
            "pays": "Argentine"
        },
        {
            "id": 61,
            "drapeau": "assets/images/drapeaux/curacao.png",
            "pays": "Curacao"
        },
        {
            "id": 62,
            "drapeau": "assets/images/drapeaux/wallis_et_futuna.png",
            "pays": "Wallis Et Futuna"
        },
        {
            "id": 63,
            "drapeau": "assets/images/drapeaux/aruba.png",
            "pays": "Aruba"
        },
        {
            "id": 64,
            "drapeau": "assets/images/drapeaux/bolivie.png",
            "pays": "Bolivie"
        },
        {
            "id": 65,
            "drapeau": "assets/images/drapeaux/rwanda.png",
            "pays": "Rwanda"
        },
        {
            "id": 66,
            "drapeau": "assets/images/drapeaux/russie.png",
            "pays": "Russie"
        },
        {
            "id": 67,
            "drapeau": "assets/images/drapeaux/koweit.png",
            "pays": "Koweit"
        },
        {
            "id": 68,
            "drapeau": "assets/images/drapeaux/guinee_bissau.png",
            "pays": "Guinee Bissau"
        },
        {
            "id": 69,
            "drapeau": "assets/images/drapeaux/honduras.png",
            "pays": "Honduras"
        },
        {
            "id": 70,
            "drapeau": "assets/images/drapeaux/kiribati.png",
            "pays": "Kiribati"
        },
        {
            "id": 71,
            "drapeau": "assets/images/drapeaux/saint_helene.png",
            "pays": "Saint Helene"
        },
        {
            "id": 72,
            "drapeau": "assets/images/drapeaux/taiwan.png",
            "pays": "Taiwan"
        },
        {
            "id": 73,
            "drapeau": "assets/images/drapeaux/cap_vert.png",
            "pays": "Cap Vert"
        },
        {
            "id": 74,
            "drapeau": "assets/images/drapeaux/azerbaidjan.png",
            "pays": "Azerbaidjan"
        },
        {
            "id": 75,
            "drapeau": "assets/images/drapeaux/saint_vincent_et_les_grenadines.png",
            "pays": "Saint Vincent Et Les Grenadines"
        },
        {
            "id": 76,
            "drapeau": "assets/images/drapeaux/slovaquie.png",
            "pays": "Slovaquie"
        },
        {
            "id": 77,
            "drapeau": "assets/images/drapeaux/monaco.png",
            "pays": "Monaco"
        },
        {
            "id": 78,
            "drapeau": "assets/images/drapeaux/iles_feroe.png",
            "pays": "Iles Feroe"
        },
        {
            "id": 79,
            "drapeau": "assets/images/drapeaux/nepal.png",
            "pays": "Nepal"
        },
        {
            "id": 80,
            "drapeau": "assets/images/drapeaux/macedoine.png",
            "pays": "Macedoine"
        },
        {
            "id": 81,
            "drapeau": "assets/images/drapeaux/bosnie_herzegovine.png",
            "pays": "Bosnie Herzegovine"
        },
        {
            "id": 82,
            "drapeau": "assets/images/drapeaux/gibraltar.png",
            "pays": "Gibraltar"
        },
        {
            "id": 83,
            "drapeau": "assets/images/drapeaux/coree_du_nord.png",
            "pays": "Coree Du Nord"
        },
        {
            "id": 84,
            "drapeau": "assets/images/drapeaux/mexique.png",
            "pays": "Mexique"
        },
        {
            "id": 85,
            "drapeau": "assets/images/drapeaux/maroc.png",
            "pays": "Maroc"
        },
        {
            "id": 86,
            "drapeau": "assets/images/drapeaux/equateur.png",
            "pays": "Equateur"
        },
        {
            "id": 87,
            "drapeau": "assets/images/drapeaux/grenade.png",
            "pays": "Grenade"
        },
        {
            "id": 88,
            "drapeau": "assets/images/drapeaux/burundi.png",
            "pays": "Burundi"
        },
        {
            "id": 89,
            "drapeau": "assets/images/drapeaux/seychelles.png",
            "pays": "Seychelles"
        },
        {
            "id": 90,
            "drapeau": "assets/images/drapeaux/iles_de_man.png",
            "pays": "Iles De Man"
        },
        {
            "id": 91,
            "drapeau": "assets/images/drapeaux/syrie.png",
            "pays": "Syrie"
        },
        {
            "id": 92,
            "drapeau": "assets/images/drapeaux/libye.png",
            "pays": "Libye"
        },
        {
            "id": 93,
            "drapeau": "assets/images/drapeaux/cote_ivoire.png",
            "pays": "Cote Ivoire"
        },
        {
            "id": 94,
            "drapeau": "assets/images/drapeaux/lituanie.png",
            "pays": "Lituanie"
        },
        {
            "id": 95,
            "drapeau": "assets/images/drapeaux/mozambique.png",
            "pays": "Mozambique"
        },
        {
            "id": 96,
            "drapeau": "assets/images/drapeaux/benin.png",
            "pays": "Benin"
        },
        {
            "id": 97,
            "drapeau": "assets/images/drapeaux/pays_de_galles.png",
            "pays": "Pays De Galles"
        },
        {
            "id": 98,
            "drapeau": "assets/images/drapeaux/gabon.png",
            "pays": "Gabon"
        },
        {
            "id": 99,
            "drapeau": "assets/images/drapeaux/iles_marshall.png",
            "pays": "Iles Marshall"
        },
        {
            "id": 100,
            "drapeau": "assets/images/drapeaux/andorre.png",
            "pays": "Andorre"
        },
        {
            "id": 101,
            "drapeau": "assets/images/drapeaux/pays_bas.png",
            "pays": "Pays Bas"
        },
        {
            "id": 102,
            "drapeau": "assets/images/drapeaux/sierra_leone.png",
            "pays": "Sierra Leone"
        },
        {
            "id": 103,
            "drapeau": "assets/images/drapeaux/sainte_lucie.png",
            "pays": "Sainte Lucie"
        },
        {
            "id": 104,
            "drapeau": "assets/images/drapeaux/sahara_occidental.png",
            "pays": "Sahara Occidental"
        },
        {
            "id": 105,
            "drapeau": "assets/images/drapeaux/tonga.png",
            "pays": "Tonga"
        },
        {
            "id": 106,
            "drapeau": "assets/images/drapeaux/montenegro.png",
            "pays": "Montenegro"
        },
        {
            "id": 107,
            "drapeau": "assets/images/drapeaux/madagascar.png",
            "pays": "Madagascar"
        },
        {
            "id": 108,
            "drapeau": "assets/images/drapeaux/senegal.png",
            "pays": "Senegal"
        },
        {
            "id": 109,
            "drapeau": "assets/images/drapeaux/oman.png",
            "pays": "Oman"
        },
        {
            "id": 110,
            "drapeau": "assets/images/drapeaux/soudan.png",
            "pays": "Soudan"
        },
        {
            "id": 111,
            "drapeau": "assets/images/drapeaux/republique_centraficaine.png",
            "pays": "Republique Centraficaine"
        },
        {
            "id": 112,
            "drapeau": "assets/images/drapeaux/panama.png",
            "pays": "Panama"
        },
        {
            "id": 113,
            "drapeau": "assets/images/drapeaux/kossovo.png",
            "pays": "Kossovo"
        },
        {
            "id": 114,
            "drapeau": "assets/images/drapeaux/etats_unis.png",
            "pays": "Etats Unis"
        },
        {
            "id": 115,
            "drapeau": "assets/images/drapeaux/australie.png",
            "pays": "Australie"
        },
        {
            "id": 116,
            "drapeau": "assets/images/drapeaux/ecosse.png",
            "pays": "Ecosse"
        },
        {
            "id": 117,
            "drapeau": "assets/images/drapeaux/nigeria.png",
            "pays": "Nigeria"
        },
        {
            "id": 118,
            "drapeau": "assets/images/drapeaux/guyanne.png",
            "pays": "Guyanne"
        },
        {
            "id": 119,
            "drapeau": "assets/images/drapeaux/northfolk_island.png",
            "pays": "Northfolk Island"
        },
        {
            "id": 120,
            "drapeau": "assets/images/drapeaux/irlande_du_nord.png",
            "pays": "Irlande Du Nord"
        },
        {
            "id": 121,
            "drapeau": "assets/images/drapeaux/samoa_americaines.png",
            "pays": "Samoa Americaines"
        },
        {
            "id": 122,
            "drapeau": "assets/images/drapeaux/salomon.png",
            "pays": "Salomon"
        },
        {
            "id": 123,
            "drapeau": "assets/images/drapeaux/bermudes.png",
            "pays": "Bermudes"
        },
        {
            "id": 124,
            "drapeau": "assets/images/drapeaux/salvador.png",
            "pays": "Salvador"
        },
        {
            "id": 125,
            "drapeau": "assets/images/drapeaux/ouganda.png",
            "pays": "Ouganda"
        },
        {
            "id": 126,
            "drapeau": "assets/images/drapeaux/irlande.png",
            "pays": "Irlande"
        },
        {
            "id": 127,
            "drapeau": "assets/images/drapeaux/islande.png",
            "pays": "Islande"
        },
        {
            "id": 128,
            "drapeau": "assets/images/drapeaux/serbie.png",
            "pays": "Serbie"
        },
        {
            "id": 129,
            "drapeau": "assets/images/drapeaux/anguilla.png",
            "pays": "Anguilla"
        },
        {
            "id": 130,
            "drapeau": "assets/images/drapeaux/republique_dominicaine.png",
            "pays": "Republique Dominicaine"
        },
        {
            "id": 131,
            "drapeau": "assets/images/drapeaux/dominique.png",
            "pays": "Dominique"
        },
        {
            "id": 132,
            "drapeau": "assets/images/drapeaux/republique_democratique_du_congo.png",
            "pays": "Republique Democratique Du Congo"
        },
        {
            "id": 133,
            "drapeau": "assets/images/drapeaux/canada.png",
            "pays": "Canada"
        },
        {
            "id": 134,
            "drapeau": "assets/images/drapeaux/mongolie.png",
            "pays": "Mongolie"
        },
        {
            "id": 135,
            "drapeau": "assets/images/drapeaux/italie.png",
            "pays": "Italie"
        },
        {
            "id": 136,
            "drapeau": "assets/images/drapeaux/yemen.png",
            "pays": "Yemen"
        },
        {
            "id": 137,
            "drapeau": "assets/images/drapeaux/bahrein.png",
            "pays": "Bahrein"
        },
        {
            "id": 138,
            "drapeau": "assets/images/drapeaux/suede.png",
            "pays": "Suede"
        },
        {
            "id": 139,
            "drapeau": "assets/images/drapeaux/togo.png",
            "pays": "Togo"
        },
        {
            "id": 140,
            "drapeau": "assets/images/drapeaux/fidji.png",
            "pays": "Fidji"
        },
        {
            "id": 141,
            "drapeau": "assets/images/drapeaux/tokelau.png",
            "pays": "Tokelau"
        },
        {
            "id": 142,
            "drapeau": "assets/images/drapeaux/saint_marin.png",
            "pays": "Saint Marin"
        },
        {
            "id": 143,
            "drapeau": "assets/images/drapeaux/pakistan.png",
            "pays": "Pakistan"
        },
        {
            "id": 144,
            "drapeau": "assets/images/drapeaux/angleterre.png",
            "pays": "Angleterre"
        },
        {
            "id": 145,
            "drapeau": "assets/images/drapeaux/autriche.png",
            "pays": "Autriche"
        },
        {
            "id": 146,
            "drapeau": "assets/images/drapeaux/barbade.png",
            "pays": "Barbade"
        },
        {
            "id": 147,
            "drapeau": "assets/images/drapeaux/bielorussie.png",
            "pays": "Bielorussie"
        },
        {
            "id": 148,
            "drapeau": "assets/images/drapeaux/nouvelle_caledonie.png",
            "pays": "Nouvelle Caledonie"
        },
        {
            "id": 149,
            "drapeau": "assets/images/drapeaux/somalie.png",
            "pays": "Somalie"
        },
        {
            "id": 150,
            "drapeau": "assets/images/drapeaux/maldives.png",
            "pays": "Maldives"
        },
        {
            "id": 151,
            "drapeau": "assets/images/drapeaux/iles_crocos.png",
            "pays": "Iles Crocos"
        },
        {
            "id": 152,
            "drapeau": "assets/images/drapeaux/timor_oriental.png",
            "pays": "Timor Oriental"
        },
        {
            "id": 153,
            "drapeau": "assets/images/drapeaux/roumanie.png",
            "pays": "Roumanie"
        },
        {
            "id": 154,
            "drapeau": "assets/images/drapeaux/mayotte.png",
            "pays": "Mayotte"
        },
        {
            "id": 155,
            "drapeau": "assets/images/drapeaux/macao.png",
            "pays": "Macao"
        },
        {
            "id": 156,
            "drapeau": "assets/images/drapeaux/bresil.png",
            "pays": "Bresil"
        },
        {
            "id": 157,
            "drapeau": "assets/images/drapeaux/liban.png",
            "pays": "Liban"
        },
        {
            "id": 158,
            "drapeau": "assets/images/drapeaux/israel.png",
            "pays": "Israel"
        },
        {
            "id": 159,
            "drapeau": "assets/images/drapeaux/haiti.png",
            "pays": "Haiti"
        },
        {
            "id": 160,
            "drapeau": "assets/images/drapeaux/mauritanie.png",
            "pays": "Mauritanie"
        },
        {
            "id": 161,
            "drapeau": "assets/images/drapeaux/turkmenistan.png",
            "pays": "Turkmenistan"
        },
        {
            "id": 162,
            "drapeau": "assets/images/drapeaux/bulgarie.png",
            "pays": "Bulgarie"
        },
        {
            "id": 163,
            "drapeau": "assets/images/drapeaux/nicaragua.png",
            "pays": "Nicaragua"
        },
        {
            "id": 164,
            "drapeau": "assets/images/drapeaux/egypte.png",
            "pays": "Egypte"
        },
        {
            "id": 165,
            "drapeau": "assets/images/drapeaux/cameroun.png",
            "pays": "Cameroun"
        },
        {
            "id": 166,
            "drapeau": "assets/images/drapeaux/gambie.png",
            "pays": "Gambie"
        },
        {
            "id": 167,
            "drapeau": "assets/images/drapeaux/martinique.png",
            "pays": "Martinique"
        },
        {
            "id": 168,
            "drapeau": "assets/images/drapeaux/afrique_du_sud.png",
            "pays": "Afrique Du Sud"
        },
        {
            "id": 169,
            "drapeau": "assets/images/drapeaux/portugal.png",
            "pays": "Portugal"
        },
        {
            "id": 170,
            "drapeau": "assets/images/drapeaux/suise.png",
            "pays": "Suise"
        },
        {
            "id": 171,
            "drapeau": "assets/images/drapeaux/tuvalu.png",
            "pays": "Tuvalu"
        },
        {
            "id": 172,
            "drapeau": "assets/images/drapeaux/pologne.png",
            "pays": "Pologne"
        },
        {
            "id": 173,
            "drapeau": "assets/images/drapeaux/paraguay.png",
            "pays": "Paraguay"
        },
        {
            "id": 174,
            "drapeau": "assets/images/drapeaux/luxembourg.png",
            "pays": "Luxembourg"
        },
        {
            "id": 175,
            "drapeau": "assets/images/drapeaux/suriname.png",
            "pays": "Suriname"
        },
        {
            "id": 176,
            "drapeau": "assets/images/drapeaux/mali.png",
            "pays": "Mali"
        },
        {
            "id": 177,
            "drapeau": "assets/images/drapeaux/micronesie.png",
            "pays": "Micronesie"
        },
        {
            "id": 178,
            "drapeau": "assets/images/drapeaux/bangladesh.png",
            "pays": "Bangladesh"
        },
        {
            "id": 179,
            "drapeau": "assets/images/drapeaux/singapour.png",
            "pays": "Singapour"
        },
        {
            "id": 180,
            "drapeau": "assets/images/drapeaux/palaos.png",
            "pays": "Palaos"
        },
        {
            "id": 181,
            "drapeau": "assets/images/drapeaux/france.png",
            "pays": "France"
        },
        {
            "id": 182,
            "drapeau": "assets/images/drapeaux/iles_caiman.png",
            "pays": "Iles Caiman"
        },
        {
            "id": 183,
            "drapeau": "assets/images/drapeaux/thailand.png",
            "pays": "Thailand"
        },
        {
            "id": 184,
            "drapeau": "assets/images/drapeaux/royaume_uni.png",
            "pays": "Royaume Uni"
        },
        {
            "id": 185,
            "drapeau": "assets/images/drapeaux/zimbabwe.png",
            "pays": "Zimbabwe"
        },
        {
            "id": 186,
            "drapeau": "assets/images/drapeaux/nouvelle_zelande.png",
            "pays": "Nouvelle Zelande"
        },
        {
            "id": 187,
            "drapeau": "assets/images/drapeaux/georgie_du_sud.png",
            "pays": "Georgie Du Sud"
        },
        {
            "id": 188,
            "drapeau": "assets/images/drapeaux/sri_lanka.png",
            "pays": "Sri Lanka"
        },
        {
            "id": 189,
            "drapeau": "assets/images/drapeaux/arabie_saoudite.png",
            "pays": "Arabie Saoudite"
        },
        {
            "id": 190,
            "drapeau": "assets/images/drapeaux/brunei.png",
            "pays": "Brunei"
        },
        {
            "id": 191,
            "drapeau": "assets/images/drapeaux/indonesie.png",
            "pays": "Indonesie"
        },
        {
            "id": 192,
            "drapeau": "assets/images/drapeaux/slovenie.png",
            "pays": "Slovenie"
        },
        {
            "id": 193,
            "drapeau": "assets/images/drapeaux/ile_christmas.png",
            "pays": "Ile Christmas"
        },
        {
            "id": 194,
            "drapeau": "assets/images/drapeaux/jersey.png",
            "pays": "Jersey"
        },
        {
            "id": 195,
            "drapeau": "assets/images/drapeaux/malte.png",
            "pays": "Malte"
        },
        {
            "id": 196,
            "drapeau": "assets/images/drapeaux/norvege.png",
            "pays": "Norvege"
        },
        {
            "id": 197,
            "drapeau": "assets/images/drapeaux/saint_pierre_et_miquelon.png",
            "pays": "Saint Pierre Et Miquelon"
        },
        {
            "id": 198,
            "drapeau": "assets/images/drapeaux/philippines.png",
            "pays": "Philippines"
        },
        {
            "id": 199,
            "drapeau": "assets/images/drapeaux/iles_vierge_britaniques.png",
            "pays": "Iles Vierge Britaniques"
        },
        {
            "id": 200,
            "drapeau": "assets/images/drapeaux/guinee_equatoriale.png",
            "pays": "Guinee Equatoriale"
        },
        {
            "id": 201,
            "drapeau": "assets/images/drapeaux/croatie.png",
            "pays": "Croatie"
        },
        {
            "id": 202,
            "drapeau": "assets/images/drapeaux/belgique.png",
            "pays": "Belgique"
        },
        {
            "id": 203,
            "drapeau": "assets/images/drapeaux/vatican.png",
            "pays": "Vatican"
        },
        {
            "id": 204,
            "drapeau": "assets/images/drapeaux/bahamas.png",
            "pays": "Bahamas"
        },
        {
            "id": 205,
            "drapeau": "assets/images/drapeaux/swaziland.png",
            "pays": "Swaziland"
        },
        {
            "id": 206,
            "drapeau": "assets/images/drapeaux/palestine.png",
            "pays": "Palestine"
        },
        {
            "id": 207,
            "drapeau": "assets/images/drapeaux/iraq.png",
            "pays": "Iraq"
        },
        {
            "id": 208,
            "drapeau": "assets/images/drapeaux/lichtenstein.png",
            "pays": "Lichtenstein"
        },
        {
            "id": 209,
            "drapeau": "assets/images/drapeaux/erythree.png",
            "pays": "Erythree"
        },
        {
            "id": 210,
            "drapeau": "assets/images/drapeaux/ile_maurice.png",
            "pays": "Ile Maurice"
        },
        {
            "id": 211,
            "drapeau": "assets/images/drapeaux/iles_cook.png",
            "pays": "Iles Cook"
        },
        {
            "id": 212,
            "drapeau": "assets/images/drapeaux/ouzbekistan.png",
            "pays": "Ouzbekistan"
        },
        {
            "id": 213,
            "drapeau": "assets/images/drapeaux/georgie.png",
            "pays": "Georgie"
        },
        {
            "id": 214,
            "drapeau": "assets/images/drapeaux/congo.png",
            "pays": "Congo"
        },
        {
            "id": 215,
            "drapeau": "assets/images/drapeaux/ethiopie.png",
            "pays": "Ethiopie"
        },
        {
            "id": 216,
            "drapeau": "assets/images/drapeaux/vanuatu.png",
            "pays": "Vanuatu"
        },
        {
            "id": 217,
            "drapeau": "assets/images/drapeaux/costa_rica.png",
            "pays": "Costa Rica"
        },
        {
            "id": 218,
            "drapeau": "assets/images/drapeaux/malawi.png",
            "pays": "Malawi"
        },
        {
            "id": 219,
            "drapeau": "assets/images/drapeaux/tchéquie.png",
            "pays": "Tchéquie"
        },
        {
            "id": 220,
            "drapeau": "assets/images/drapeaux/emirats_arabe.png",
            "pays": "Emirats Arabe"
        },
        {
            "id": 221,
            "drapeau": "assets/images/drapeaux/albanie.png",
            "pays": "Albanie"
        },
        {
            "id": 222,
            "drapeau": "assets/images/drapeaux/niger.png",
            "pays": "Niger"
        },
        {
            "id": 223,
            "drapeau": "assets/images/drapeaux/vietnam.png",
            "pays": "Vietnam"
        },
        {
            "id": 224,
            "drapeau": "assets/images/drapeaux/saint_barthelemy.png",
            "pays": "Saint Barthelemy"
        },
        {
            "id": 225,
            "drapeau": "assets/images/drapeaux/soudan_du_sud.png",
            "pays": "Soudan Du Sud"
        },
        {
            "id": 226,
            "drapeau": "assets/images/drapeaux/pays_bas_caribeens.png",
            "pays": "Pays Bas Caribeens"
        },
        {
            "id": 227,
            "drapeau": "assets/images/drapeaux/uruguay.png",
            "pays": "Uruguay"
        },
        {
            "id": 228,
            "drapeau": "assets/images/drapeaux/burkina_faso.png",
            "pays": "Burkina Faso"
        },
        {
            "id": 229,
            "drapeau": "assets/images/drapeaux/aland.png",
            "pays": "Aland"
        },
        {
            "id": 230,
            "drapeau": "assets/images/drapeaux/coree_du_sud.png",
            "pays": "Coree Du Sud"
        },
        {
            "id": 231,
            "drapeau": "assets/images/drapeaux/guyanne_francaise.png",
            "pays": "Guyanne Francaise"
        },
        {
            "id": 232,
            "drapeau": "assets/images/drapeaux/kirgidstan.png",
            "pays": "Kirgidstan"
        },
        {
            "id": 233,
            "drapeau": "assets/images/drapeaux/iles_vierges.png",
            "pays": "Iles Vierges"
        },
        {
            "id": 234,
            "drapeau": "assets/images/drapeaux/jamaique.png",
            "pays": "Jamaique"
        },
        {
            "id": 235,
            "drapeau": "assets/images/drapeaux/antarctique.png",
            "pays": "Antarctique"
        },
        {
            "id": 236,
            "drapeau": "assets/images/drapeaux/nauru.png",
            "pays": "Nauru"
        },
        {
            "id": 237,
            "drapeau": "assets/images/drapeaux/cambodge.png",
            "pays": "Cambodge"
        },
        {
            "id": 238,
            "drapeau": "assets/images/drapeaux/belize.png",
            "pays": "Belize"
        }
    ]
}